{
    "cifar20-resnet18-1-10.0": {
        "backdoor": 2.8333333333333335,
        "main": 47.23833333333334
    }
}