{
    "cifar20-resnet18-1-mid-0-0.0-0.0-0.0-1e-06": {
        "backdoor": 16.666666666666668,
        "main": 47.43333333333333
    },
    "cifar20-resnet18-1-mid-0-0.0-0.0-0.0-1e-05": {
        "backdoor": 15.833333333333334,
        "main": 47.666666666666664
    },
    "cifar20-resnet18-1-mid-0-0.0-0.0-0.0-0.001": {
        "backdoor": 18.571428571428573,
        "main": 47.25714285714286
    },
    "cifar20-resnet18-1-mid-0-0.0-0.0-0.0-0.0001": {
        "backdoor": 24.166666666666668,
        "main": 47.35
    },
    "cifar20-resnet18-1-laplace-0.1-0.0-0.0-0.0-0.0": {
        "backdoor": 7.142857142857143,
        "main": 8.0
    },
    "cifar20-resnet18-1-laplace-0.01-0.0-0.0-0.0-0.0": {
        "backdoor": 18.571428571428573,
        "main": 51.32857142857143
    },
    "cifar20-resnet18-1-laplace-0.001-0.0-0.0-0.0-0.0": {
        "backdoor": 20.714285714285715,
        "main": 53.97857142857142
    },
    "cifar20-resnet18-1-laplace-0.0001-0.0-0.0-0.0-0.0": {
        "backdoor": 20.714285714285715,
        "main": 55.29999999999999
    },
    "cifar20-resnet18-1-gradient_sparsification-0-99.9-0.0-0.0-0.0": {
        "backdoor": 18.333333333333332,
        "main": 36.44166666666667
    },
    "cifar20-resnet18-1-gradient_sparsification-0-99.5-0.0-0.0-0.0": {
        "backdoor": 16.666666666666668,
        "main": 50.333333333333336
    },
    "cifar20-resnet18-1-gradient_sparsification-0-99.0-0.0-0.0-0.0": {
        "backdoor": 15.0,
        "main": 54.31666666666666
    },
    "cifar20-resnet18-1-gradient_sparsification-0-95.0-0.0-0.0-0.0": {
        "backdoor": 20.833333333333332,
        "main": 54.93333333333334
    },
    "cifar20-resnet18-1-gaussian-0.1-0.0-0.0-0.0-0.0": {
        "backdoor": 9.166666666666666,
        "main": 9.091666666666667
    },
    "cifar20-resnet18-1-gaussian-0.01-0.0-0.0-0.0-0.0": {
        "backdoor": 15.833333333333334,
        "main": 55.10833333333333
    },
    "cifar20-resnet18-1-gaussian-0.001-0.0-0.0-0.0-0.0": {
        "backdoor": 16.666666666666668,
        "main": 54.20833333333332
    },
    "cifar20-resnet18-1-gaussian-0.0001-0.0-0.0-0.0-0.0": {
        "backdoor": 16.666666666666668,
        "main": 56.25833333333333
    },
    "cifar20-resnet18-1-autoencoder-0-0.0-0.0-1.0-0.0": {
        "backdoor": 20.0,
        "main": 55.793749999999996
    },
    "cifar20-resnet18-1-autoencoder-0-0.0-0.0-0.5-0.0": {
        "backdoor": 15.833333333333334,
        "main": 55.28333333333333
    },
    "cifar20-resnet18-1-autoencoder-0-0.0-0.0-0.0-0.0": {
        "backdoor": 15.384615384615385,
        "main": 55.7576923076923
    }
}