{
    "cifar20-resnet18-1-mid-0-0.0-0.0-0.0-0.01": {
        "backdoor": 3.0,
        "main": 46.964999999999996
    },
    "cifar20-resnet18-1-mid-0-0.0-0.0-0.0-0.001": {
        "backdoor": 3.0,
        "main": 47.144999999999996
    },
    "cifar20-resnet18-1-mid-0-0.0-0.0-0.0-0.0001": {
        "backdoor": 2.5,
        "main": 47.605000000000004
    }
}