{
    "mnist-mlp2-1-mid-0-0.0-0.0-0.0-1e-06": {
        "backdoor": 60.5,
        "main": 82.2425
    },
    "mnist-mlp2-1-mid-0-0.0-0.0-0.0-1e-05": {
        "backdoor": 60.5,
        "main": 82.25
    },
    "mnist-mlp2-1-mid-0-0.0-0.0-0.0-0.001": {
        "backdoor": 64.25,
        "main": 82.2625
    },
    "mnist-mlp2-1-mid-0-0.0-0.0-0.0-0.0001": {
        "backdoor": 63.25,
        "main": 82.255
    },
    "mnist-mlp2-1-laplace-0.1-0.0-0.0-0.0-0.0": {
        "backdoor": 53.8,
        "main": 81.71199999999999
    },
    "mnist-mlp2-1-laplace-0.01-0.0-0.0-0.0-0.0": {
        "backdoor": 44.833333333333336,
        "main": 92.89166666666665
    },
    "mnist-mlp2-1-laplace-0.001-0.0-0.0-0.0-0.0": {
        "backdoor": 40.166666666666664,
        "main": 93.235
    },
    "mnist-mlp2-1-laplace-0.0001-0.0-0.0-0.0-0.0": {
        "backdoor": 44.2,
        "main": 93.64699999999999
    },
    "mnist-mlp2-1-laplace-0.00001-0.0-0.0-0.0-0.0": {
        "backdoor": 41.333333333333336,
        "main": 93.21999999999998
    },
    "mnist-mlp2-1-gradient_sparsification-0-99.9-0.0-0.0-0.0": {
        "backdoor": 53.0,
        "main": 83.085
    },
    "mnist-mlp2-1-gradient_sparsification-0-99.5-0.0-0.0-0.0": {
        "backdoor": 51.25,
        "main": 88.195
    },
    "mnist-mlp2-1-gradient_sparsification-0-99.0-0.0-0.0-0.0": {
        "backdoor": 49.25,
        "main": 89.35249999999999
    },
    "mnist-mlp2-1-gradient_sparsification-0-95.0-0.0-0.0-0.0": {
        "backdoor": 42.75,
        "main": 92.0725
    },
    "mnist-mlp2-1-gaussian-0.1-0.0-0.0-0.0-0.0": {
        "backdoor": 62.4,
        "main": 87.134
    },
    "mnist-mlp2-1-gaussian-0.01-0.0-0.0-0.0-0.0": {
        "backdoor": 41.6,
        "main": 93.09
    },
    "mnist-mlp2-1-gaussian-0.001-0.0-0.0-0.0-0.0": {
        "backdoor": 39.2,
        "main": 93.04599999999999
    },
    "mnist-mlp2-1-gaussian-0.0001-0.0-0.0-0.0-0.0": {
        "backdoor": 43.2,
        "main": 93.783
    },
    "mnist-mlp2-1-gaussian-0.00001-0.0-0.0-0.0-0.0": {
        "backdoor": 39.2,
        "main": 93.066
    },
    "mnist-mlp2-1-autoencoder-0-0.0-0.0-1.0-0.0": {
        "backdoor": 42.61904761904762,
        "main": 93.7695238095238
    },
    "mnist-mlp2-1-autoencoder-0-0.0-0.0-0.5-0.0": {
        "backdoor": 43.421052631578945,
        "main": 93.78842105263158
    },
    "mnist-mlp2-1-autoencoder-0-0.0-0.0-0.0-0.0": {
        "backdoor": 42.425925925925924,
        "main": 93.67722222222221
    }
}