{
    "nuswide-mlp2-1-mid-0-0.0-0.0-0.0-1e-06": {
        "backdoor": 27.166666666666668,
        "main": 25.959999999999997
    },
    "nuswide-mlp2-1-mid-0-0.0-0.0-0.0-1e-05": {
        "backdoor": 27.333333333333332,
        "main": 25.903333333333332
    },
    "nuswide-mlp2-1-mid-0-0.0-0.0-0.0-0.001": {
        "backdoor": 26.916666666666668,
        "main": 25.959999999999997
    },
    "nuswide-mlp2-1-mid-0-0.0-0.0-0.0-0.0001": {
        "backdoor": 27.0,
        "main": 25.959999999999997
    },
    "nuswide-mlp2-1-laplace-0.1-0.0-0.0-0.0-0.0": {
        "backdoor": 28.583333333333332,
        "main": 56.73333333333333
    },
    "nuswide-mlp2-1-laplace-0.01-0.0-0.0-0.0-0.0": {
        "backdoor": 23.416666666666668,
        "main": 61.843333333333334
    },
    "nuswide-mlp2-1-laplace-0.001-0.0-0.0-0.0-0.0": {
        "backdoor": 23.416666666666668,
        "main": 59.03333333333333
    },
    "nuswide-mlp2-1-laplace-0.0001-0.0-0.0-0.0-0.0": {
        "backdoor": 22.666666666666668,
        "main": 59.173333333333325
    },
    "nuswide-mlp2-1-gradient_sparsification-0-99.9-0.0-0.0-0.0": {
        "backdoor": 33.333333333333336,
        "main": 37.78
    },
    "nuswide-mlp2-1-gradient_sparsification-0-99.5-0.0-0.0-0.0": {
        "backdoor": 28.083333333333332,
        "main": 43.86333333333334
    },
    "nuswide-mlp2-1-gradient_sparsification-0-99.0-0.0-0.0-0.0": {
        "backdoor": 27.5,
        "main": 48.68666666666667
    },
    "nuswide-mlp2-1-gradient_sparsification-0-95.0-0.0-0.0-0.0": {
        "backdoor": 29.333333333333332,
        "main": 55.99
    },
    "nuswide-mlp2-1-gaussian-0.1-0.0-0.0-0.0-0.0": {
        "backdoor": 24.333333333333332,
        "main": 55.39000000000001
    },
    "nuswide-mlp2-1-gaussian-0.01-0.0-0.0-0.0-0.0": {
        "backdoor": 19.0,
        "main": 60.03666666666667
    },
    "nuswide-mlp2-1-gaussian-0.001-0.0-0.0-0.0-0.0": {
        "backdoor": 21.666666666666668,
        "main": 59.383333333333326
    },
    "nuswide-mlp2-1-gaussian-0.0001-0.0-0.0-0.0-0.0": {
        "backdoor": 22.583333333333332,
        "main": 59.18333333333334
    },
    "nuswide-mlp2-1-autoencoder-0-0.0-0.0-1.0-0.0": {
        "backdoor": 22.708333333333332,
        "main": 59.13
    },
    "nuswide-mlp2-1-autoencoder-0-0.0-0.0-0.5-0.0": {
        "backdoor": 22.708333333333332,
        "main": 59.13
    },
    "nuswide-mlp2-1-autoencoder-0-0.0-0.0-0.0-0.0": {
        "backdoor": 22.644736842105264,
        "main": 59.54631578947368
    }
}